"Date_SK";"Date_AK";"DateSerial";"Year_ID";"Year_Name";"Year_Start";"Year_End";"Half_ID";"Half_Name";"Qtr_ID";"Qtr_Name";"Quarter_Start";"Quarter_End";"Month_ID";"Month_Name";"Month_Start";"Month_End";"Day_In_Month";"Day_ID";"Day_Name";"DOW";"DOW_Num";"DOY";"Week_ID";"Week_Name";"WOY";"Week_Start";"Week_End";"Fiscal_Year";"Fiscal_Year_Start";"Fiscal_Year_End";"Fiscal_Half";"Fiscal_Qtr";"Fiscal_Month";"Fiscal_Month_Num";"Fiscal_Week";"Fiscal_Week_Num";"Fiscal_DOY";"Contract_Year";"Contract_Qtr";"Contract_Month";"Contract_Month_Num";"Pay_Period_Month_ID";"Pay_Month";"Pay_Year";"Fiscal_Week_Start";"Fiscal_Week_End";"School_Year"
"19971024";"Fri Oct 24 00:00:00 EDT 1997";"35727";"1997";"1997";"Wed Jan 01 00:00:00 EST 1997";"Wed Dec 31 00:00:00 EST 1997";"19972";"H2-1997";"19974";"Q4-1997";"Wed Oct 01 00:00:00 EDT 1997";"Wed Dec 31 00:00:00 EST 1997";"199710";"Oct-97";"19971001";"19971031";"31";"19971024";"10/24/1997";"Fri";"6";"297";"199743";"1997-wk43 (10/19-10/25)";"43";"19971019";"19971025";"1998";"Tue Jul 01 00:00:00 EDT 1997";"Tue Jun 30 00:00:00 EDT 1998";"H1-1998";"Q2-1998";"Oct-97";"4";"1998-wk17 (10/19-10/25)";"199817";"116";"1998";"Q1-1998";"Oct-97";"2";"199711";"Nov-97";"1997";"19971019";"19971025";"1997-98"
"19971025";"Sat Oct 25 00:00:00 EDT 1997";"35728";"1997";"1997";"Wed Jan 01 00:00:00 EST 1997";"Wed Dec 31 00:00:00 EST 1997";"19972";"H2-1997";"19974";"Q4-1997";"Wed Oct 01 00:00:00 EDT 1997";"Wed Dec 31 00:00:00 EST 1997";"199710";"Oct-97";"19971001";"19971031";"31";"19971025";"10/25/1997";"Sat";"7";"298";"199743";"1997-wk43 (10/19-10/25)";"43";"19971019";"19971025";"1998";"Tue Jul 01 00:00:00 EDT 1997";"Tue Jun 30 00:00:00 EDT 1998";"H1-1998";"Q2-1998";"Oct-97";"4";"1998-wk17 (10/19-10/25)";"199817";"117";"1998";"Q1-1998";"Oct-97";"2";"199711";"Nov-97";"1997";"19971019";"19971025";"1997-98"
"19971026";"Sun Oct 26 00:00:00 EDT 1997";"35729";"1997";"1997";"Wed Jan 01 00:00:00 EST 1997";"Wed Dec 31 00:00:00 EST 1997";"19972";"H2-1997";"19974";"Q4-1997";"Wed Oct 01 00:00:00 EDT 1997";"Wed Dec 31 00:00:00 EST 1997";"199710";"Oct-97";"19971001";"19971031";"31";"19971026";"10/26/1997";"Sun";"1";"299";"199744";"1997-wk44 (10/26-11/1)";"44";"19971026";"19971101";"1998";"Tue Jul 01 00:00:00 EDT 1997";"Tue Jun 30 00:00:00 EDT 1998";"H1-1998";"Q2-1998";"Oct-97";"4";"1998-wk18 (10/26-11/1)";"199818";"118";"1998";"Q1-1998";"Oct-97";"2";"199711";"Nov-97";"1997";"19971026";"19971101";"1997-98"
"19971027";"Mon Oct 27 00:00:00 EST 1997";"35730";"1997";"1997";"Wed Jan 01 00:00:00 EST 1997";"Wed Dec 31 00:00:00 EST 1997";"19972";"H2-1997";"19974";"Q4-1997";"Wed Oct 01 00:00:00 EDT 1997";"Wed Dec 31 00:00:00 EST 1997";"199710";"Oct-97";"19971001";"19971031";"31";"19971027";"10/27/1997";"Mon";"2";"300";"199744";"1997-wk44 (10/26-11/1)";"44";"19971026";"19971101";"1998";"Tue Jul 01 00:00:00 EDT 1997";"Tue Jun 30 00:00:00 EDT 1998";"H1-1998";"Q2-1998";"Oct-97";"4";"1998-wk18 (10/26-11/1)";"199818";"119";"1998";"Q1-1998";"Oct-97";"2";"199711";"Nov-97";"1997";"19971026";"19971101";"1997-98"
"19971028";"Tue Oct 28 00:00:00 EST 1997";"35731";"1997";"1997";"Wed Jan 01 00:00:00 EST 1997";"Wed Dec 31 00:00:00 EST 1997";"19972";"H2-1997";"19974";"Q4-1997";"Wed Oct 01 00:00:00 EDT 1997";"Wed Dec 31 00:00:00 EST 1997";"199710";"Oct-97";"19971001";"19971031";"31";"19971028";"10/28/1997";"Tue";"3";"301";"199744";"1997-wk44 (10/26-11/1)";"44";"19971026";"19971101";"1998";"Tue Jul 01 00:00:00 EDT 1997";"Tue Jun 30 00:00:00 EDT 1998";"H1-1998";"Q2-1998";"Oct-97";"4";"1998-wk18 (10/26-11/1)";"199818";"120";"1998";"Q1-1998";"Oct-97";"2";"199711";"Nov-97";"1997";"19971026";"19971101";"1997-98"
"19971029";"Wed Oct 29 00:00:00 EST 1997";"35732";"1997";"1997";"Wed Jan 01 00:00:00 EST 1997";"Wed Dec 31 00:00:00 EST 1997";"19972";"H2-1997";"19974";"Q4-1997";"Wed Oct 01 00:00:00 EDT 1997";"Wed Dec 31 00:00:00 EST 1997";"199710";"Oct-97";"19971001";"19971031";"31";"19971029";"10/29/1997";"Wed";"4";"302";"199744";"1997-wk44 (10/26-11/1)";"44";"19971026";"19971101";"1998";"Tue Jul 01 00:00:00 EDT 1997";"Tue Jun 30 00:00:00 EDT 1998";"H1-1998";"Q2-1998";"Oct-97";"4";"1998-wk18 (10/26-11/1)";"199818";"121";"1998";"Q1-1998";"Oct-97";"2";"199711";"Nov-97";"1997";"19971026";"19971101";"1997-98"
"19971030";"Thu Oct 30 00:00:00 EST 1997";"35733";"1997";"1997";"Wed Jan 01 00:00:00 EST 1997";"Wed Dec 31 00:00:00 EST 1997";"19972";"H2-1997";"19974";"Q4-1997";"Wed Oct 01 00:00:00 EDT 1997";"Wed Dec 31 00:00:00 EST 1997";"199710";"Oct-97";"19971001";"19971031";"31";"19971030";"10/30/1997";"Thu";"5";"303";"199744";"1997-wk44 (10/26-11/1)";"44";"19971026";"19971101";"1998";"Tue Jul 01 00:00:00 EDT 1997";"Tue Jun 30 00:00:00 EDT 1998";"H1-1998";"Q2-1998";"Oct-97";"4";"1998-wk18 (10/26-11/1)";"199818";"122";"1998";"Q1-1998";"Oct-97";"2";"199711";"Nov-97";"1997";"19971026";"19971101";"1997-98"
"19971031";"Fri Oct 31 00:00:00 EST 1997";"35734";"1997";"1997";"Wed Jan 01 00:00:00 EST 1997";"Wed Dec 31 00:00:00 EST 1997";"19972";"H2-1997";"19974";"Q4-1997";"Wed Oct 01 00:00:00 EDT 1997";"Wed Dec 31 00:00:00 EST 1997";"199710";"Oct-97";"19971001";"19971030";"30";"19971031";"10/31/1997";"Fri";"6";"304";"199744";"1997-wk44 (10/26-11/1)";"44";"19971026";"19971101";"1998";"Tue Jul 01 00:00:00 EDT 1997";"Tue Jun 30 00:00:00 EDT 1998";"H1-1998";"Q2-1998";"Oct-97";"4";"1998-wk18 (10/26-11/1)";"199818";"123";"1998";"Q1-1998";"Oct-97";"2";"199711";"Nov-97";"1997";"19971026";"19971101";"1997-98"
"19971101";"Sat Nov 01 00:00:00 EST 1997";"35735";"1997";"1997";"Wed Jan 01 00:00:00 EST 1997";"Wed Dec 31 00:00:00 EST 1997";"19972";"H2-1997";"19974";"Q4-1997";"Wed Oct 01 00:00:00 EDT 1997";"Wed Dec 31 00:00:00 EST 1997";"199711";"Nov-97";"19971101";"19971130";"30";"19971101";"11/1/1997";"Sat";"7";"305";"199744";"1997-wk44 (10/26-11/1)";"44";"19971026";"19971101";"1998";"Tue Jul 01 00:00:00 EDT 1997";"Tue Jun 30 00:00:00 EDT 1998";"H1-1998";"Q2-1998";"Nov-97";"5";"1998-wk18 (10/26-11/1)";"199818";"124";"1998";"Q1-1998";"Nov-97";"3";"199711";"Nov-97";"1997";"19971026";"19971101";"1997-98"
"19971102";"Sun Nov 02 00:00:00 EST 1997";"35736";"1997";"1997";"Wed Jan 01 00:00:00 EST 1997";"Wed Dec 31 00:00:00 EST 1997";"19972";"H2-1997";"19974";"Q4-1997";"Wed Oct 01 00:00:00 EDT 1997";"Wed Dec 31 00:00:00 EST 1997";"199711";"Nov-97";"19971101";"19971130";"30";"19971102";"11/2/1997";"Sun";"1";"306";"199745";"1997-wk45 (11/2-11/8)";"45";"19971102";"19971108";"1998";"Tue Jul 01 00:00:00 EDT 1997";"Tue Jun 30 00:00:00 EDT 1998";"H1-1998";"Q2-1998";"Nov-97";"5";"1998-wk19 (11/2-11/8)";"199819";"125";"1998";"Q1-1998";"Nov-97";"3";"199711";"Nov-97";"1997";"19971102";"19971108";"1997-98"
"19971103";"Mon Nov 03 00:00:00 EST 1997";"35737";"1997";"1997";"Wed Jan 01 00:00:00 EST 1997";"Wed Dec 31 00:00:00 EST 1997";"19972";"H2-1997";"19974";"Q4-1997";"Wed Oct 01 00:00:00 EDT 1997";"Wed Dec 31 00:00:00 EST 1997";"199711";"Nov-97";"19971101";"19971130";"30";"19971103";"11/3/1997";"Mon";"2";"307";"199745";"1997-wk45 (11/2-11/8)";"45";"19971102";"19971108";"1998";"Tue Jul 01 00:00:00 EDT 1997";"Tue Jun 30 00:00:00 EDT 1998";"H1-1998";"Q2-1998";"Nov-97";"5";"1998-wk19 (11/2-11/8)";"199819";"126";"1998";"Q1-1998";"Nov-97";"3";"199711";"Nov-97";"1997";"19971102";"19971108";"1997-98"
"19971104";"Tue Nov 04 00:00:00 EST 1997";"35738";"1997";"1997";"Wed Jan 01 00:00:00 EST 1997";"Wed Dec 31 00:00:00 EST 1997";"19972";"H2-1997";"19974";"Q4-1997";"Wed Oct 01 00:00:00 EDT 1997";"Wed Dec 31 00:00:00 EST 1997";"199711";"Nov-97";"19971101";"19971130";"30";"19971104";"11/4/1997";"Tue";"3";"308";"199745";"1997-wk45 (11/2-11/8)";"45";"19971102";"19971108";"1998";"Tue Jul 01 00:00:00 EDT 1997";"Tue Jun 30 00:00:00 EDT 1998";"H1-1998";"Q2-1998";"Nov-97";"5";"1998-wk19 (11/2-11/8)";"199819";"127";"1998";"Q1-1998";"Nov-97";"3";"199711";"Nov-97";"1997";"19971102";"19971108";"1997-98"
"19971105";"Wed Nov 05 00:00:00 EST 1997";"35739";"1997";"1997";"Wed Jan 01 00:00:00 EST 1997";"Wed Dec 31 00:00:00 EST 1997";"19972";"H2-1997";"19974";"Q4-1997";"Wed Oct 01 00:00:00 EDT 1997";"Wed Dec 31 00:00:00 EST 1997";"199711";"Nov-97";"19971101";"19971130";"30";"19971105";"11/5/1997";"Wed";"4";"309";"199745";"1997-wk45 (11/2-11/8)";"45";"19971102";"19971108";"1998";"Tue Jul 01 00:00:00 EDT 1997";"Tue Jun 30 00:00:00 EDT 1998";"H1-1998";"Q2-1998";"Nov-97";"5";"1998-wk19 (11/2-11/8)";"199819";"128";"1998";"Q1-1998";"Nov-97";"3";"199711";"Nov-97";"1997";"19971102";"19971108";"1997-98"
"19971106";"Thu Nov 06 00:00:00 EST 1997";"35740";"1997";"1997";"Wed Jan 01 00:00:00 EST 1997";"Wed Dec 31 00:00:00 EST 1997";"19972";"H2-1997";"19974";"Q4-1997";"Wed Oct 01 00:00:00 EDT 1997";"Wed Dec 31 00:00:00 EST 1997";"199711";"Nov-97";"19971101";"19971130";"30";"19971106";"11/6/1997";"Thu";"5";"310";"199745";"1997-wk45 (11/2-11/8)";"45";"19971102";"19971108";"1998";"Tue Jul 01 00:00:00 EDT 1997";"Tue Jun 30 00:00:00 EDT 1998";"H1-1998";"Q2-1998";"Nov-97";"5";"1998-wk19 (11/2-11/8)";"199819";"129";"1998";"Q1-1998";"Nov-97";"3";"199711";"Nov-97";"1997";"19971102";"19971108";"1997-98"
"19971107";"Fri Nov 07 00:00:00 EST 1997";"35741";"1997";"1997";"Wed Jan 01 00:00:00 EST 1997";"Wed Dec 31 00:00:00 EST 1997";"19972";"H2-1997";"19974";"Q4-1997";"Wed Oct 01 00:00:00 EDT 1997";"Wed Dec 31 00:00:00 EST 1997";"199711";"Nov-97";"19971101";"19971130";"30";"19971107";"11/7/1997";"Fri";"6";"311";"199745";"1997-wk45 (11/2-11/8)";"45";"19971102";"19971108";"1998";"Tue Jul 01 00:00:00 EDT 1997";"Tue Jun 30 00:00:00 EDT 1998";"H1-1998";"Q2-1998";"Nov-97";"5";"1998-wk19 (11/2-11/8)";"199819";"130";"1998";"Q1-1998";"Nov-97";"3";"199711";"Nov-97";"1997";"19971102";"19971108";"1997-98"
"19971108";"Sat Nov 08 00:00:00 EST 1997";"35742";"1997";"1997";"Wed Jan 01 00:00:00 EST 1997";"Wed Dec 31 00:00:00 EST 1997";"19972";"H2-1997";"19974";"Q4-1997";"Wed Oct 01 00:00:00 EDT 1997";"Wed Dec 31 00:00:00 EST 1997";"199711";"Nov-97";"19971101";"19971130";"30";"19971108";"11/8/1997";"Sat";"7";"312";"199745";"1997-wk45 (11/2-11/8)";"45";"19971102";"19971108";"1998";"Tue Jul 01 00:00:00 EDT 1997";"Tue Jun 30 00:00:00 EDT 1998";"H1-1998";"Q2-1998";"Nov-97";"5";"1998-wk19 (11/2-11/8)";"199819";"131";"1998";"Q1-1998";"Nov-97";"3";"199711";"Nov-97";"1997";"19971102";"19971108";"1997-98"
"19971109";"Sun Nov 09 00:00:00 EST 1997";"35743";"1997";"1997";"Wed Jan 01 00:00:00 EST 1997";"Wed Dec 31 00:00:00 EST 1997";"19972";"H2-1997";"19974";"Q4-1997";"Wed Oct 01 00:00:00 EDT 1997";"Wed Dec 31 00:00:00 EST 1997";"199711";"Nov-97";"19971101";"19971130";"30";"19971109";"11/9/1997";"Sun";"1";"313";"199746";"1997-wk46 (11/9-11/15)";"46";"19971109";"19971115";"1998";"Tue Jul 01 00:00:00 EDT 1997";"Tue Jun 30 00:00:00 EDT 1998";"H1-1998";"Q2-1998";"Nov-97";"5";"1998-wk20 (11/9-11/15)";"199820";"132";"1998";"Q1-1998";"Nov-97";"3";"199711";"Nov-97";"1997";"19971109";"19971115";"1997-98"
"19971110";"Mon Nov 10 00:00:00 EST 1997";"35744";"1997";"1997";"Wed Jan 01 00:00:00 EST 1997";"Wed Dec 31 00:00:00 EST 1997";"19972";"H2-1997";"19974";"Q4-1997";"Wed Oct 01 00:00:00 EDT 1997";"Wed Dec 31 00:00:00 EST 1997";"199711";"Nov-97";"19971101";"19971130";"30";"19971110";"11/10/1997";"Mon";"2";"314";"199746";"1997-wk46 (11/9-11/15)";"46";"19971109";"19971115";"1998";"Tue Jul 01 00:00:00 EDT 1997";"Tue Jun 30 00:00:00 EDT 1998";"H1-1998";"Q2-1998";"Nov-97";"5";"1998-wk20 (11/9-11/15)";"199820";"133";"1998";"Q1-1998";"Nov-97";"3";"199711";"Nov-97";"1997";"19971109";"19971115";"1997-98"
"19971111";"Tue Nov 11 00:00:00 EST 1997";"35745";"1997";"1997";"Wed Jan 01 00:00:00 EST 1997";"Wed Dec 31 00:00:00 EST 1997";"19972";"H2-1997";"19974";"Q4-1997";"Wed Oct 01 00:00:00 EDT 1997";"Wed Dec 31 00:00:00 EST 1997";"199711";"Nov-97";"19971101";"19971130";"30";"19971111";"11/11/1997";"Tue";"3";"315";"199746";"1997-wk46 (11/9-11/15)";"46";"19971109";"19971115";"1998";"Tue Jul 01 00:00:00 EDT 1997";"Tue Jun 30 00:00:00 EDT 1998";"H1-1998";"Q2-1998";"Nov-97";"5";"1998-wk20 (11/9-11/15)";"199820";"134";"1998";"Q1-1998";"Nov-97";"3";"199711";"Nov-97";"1997";"19971109";"19971115";"1997-98"
"19971112";"Wed Nov 12 00:00:00 EST 1997";"35746";"1997";"1997";"Wed Jan 01 00:00:00 EST 1997";"Wed Dec 31 00:00:00 EST 1997";"19972";"H2-1997";"19974";"Q4-1997";"Wed Oct 01 00:00:00 EDT 1997";"Wed Dec 31 00:00:00 EST 1997";"199711";"Nov-97";"19971101";"19971130";"30";"19971112";"11/12/1997";"Wed";"4";"316";"199746";"1997-wk46 (11/9-11/15)";"46";"19971109";"19971115";"1998";"Tue Jul 01 00:00:00 EDT 1997";"Tue Jun 30 00:00:00 EDT 1998";"H1-1998";"Q2-1998";"Nov-97";"5";"1998-wk20 (11/9-11/15)";"199820";"135";"1998";"Q1-1998";"Nov-97";"3";"199711";"Nov-97";"1997";"19971109";"19971115";"1997-98"
"19971113";"Thu Nov 13 00:00:00 EST 1997";"35747";"1997";"1997";"Wed Jan 01 00:00:00 EST 1997";"Wed Dec 31 00:00:00 EST 1997";"19972";"H2-1997";"19974";"Q4-1997";"Wed Oct 01 00:00:00 EDT 1997";"Wed Dec 31 00:00:00 EST 1997";"199711";"Nov-97";"19971101";"19971130";"30";"19971113";"11/13/1997";"Thu";"5";"317";"199746";"1997-wk46 (11/9-11/15)";"46";"19971109";"19971115";"1998";"Tue Jul 01 00:00:00 EDT 1997";"Tue Jun 30 00:00:00 EDT 1998";"H1-1998";"Q2-1998";"Nov-97";"5";"1998-wk20 (11/9-11/15)";"199820";"136";"1998";"Q1-1998";"Nov-97";"3";"199711";"Nov-97";"1997";"19971109";"19971115";"1997-98"
"19971114";"Fri Nov 14 00:00:00 EST 1997";"35748";"1997";"1997";"Wed Jan 01 00:00:00 EST 1997";"Wed Dec 31 00:00:00 EST 1997";"19972";"H2-1997";"19974";"Q4-1997";"Wed Oct 01 00:00:00 EDT 1997";"Wed Dec 31 00:00:00 EST 1997";"199711";"Nov-97";"19971101";"19971130";"30";"19971114";"11/14/1997";"Fri";"6";"318";"199746";"1997-wk46 (11/9-11/15)";"46";"19971109";"19971115";"1998";"Tue Jul 01 00:00:00 EDT 1997";"Tue Jun 30 00:00:00 EDT 1998";"H1-1998";"Q2-1998";"Nov-97";"5";"1998-wk20 (11/9-11/15)";"199820";"137";"1998";"Q1-1998";"Nov-97";"3";"199711";"Nov-97";"1997";"19971109";"19971115";"1997-98"
"19971115";"Sat Nov 15 00:00:00 EST 1997";"35749";"1997";"1997";"Wed Jan 01 00:00:00 EST 1997";"Wed Dec 31 00:00:00 EST 1997";"19972";"H2-1997";"19974";"Q4-1997";"Wed Oct 01 00:00:00 EDT 1997";"Wed Dec 31 00:00:00 EST 1997";"199711";"Nov-97";"19971101";"19971130";"30";"19971115";"11/15/1997";"Sat";"7";"319";"199746";"1997-wk46 (11/9-11/15)";"46";"19971109";"19971115";"1998";"Tue Jul 01 00:00:00 EDT 1997";"Tue Jun 30 00:00:00 EDT 1998";"H1-1998";"Q2-1998";"Nov-97";"5";"1998-wk20 (11/9-11/15)";"199820";"138";"1998";"Q1-1998";"Nov-97";"3";"199712";"Dec-97";"1997";"19971109";"19971115";"1997-98"
"19971116";"Sun Nov 16 00:00:00 EST 1997";"35750";"1997";"1997";"Wed Jan 01 00:00:00 EST 1997";"Wed Dec 31 00:00:00 EST 1997";"19972";"H2-1997";"19974";"Q4-1997";"Wed Oct 01 00:00:00 EDT 1997";"Wed Dec 31 00:00:00 EST 1997";"199711";"Nov-97";"19971101";"19971130";"30";"19971116";"11/16/1997";"Sun";"1";"320";"199747";"1997-wk47 (11/16-11/22)";"47";"19971116";"19971122";"1998";"Tue Jul 01 00:00:00 EDT 1997";"Tue Jun 30 00:00:00 EDT 1998";"H1-1998";"Q2-1998";"Nov-97";"5";"1998-wk21 (11/16-11/22)";"199821";"139";"1998";"Q1-1998";"Nov-97";"3";"199712";"Dec-97";"1997";"19971116";"19971122";"1997-98"
"19971117";"Mon Nov 17 00:00:00 EST 1997";"35751";"1997";"1997";"Wed Jan 01 00:00:00 EST 1997";"Wed Dec 31 00:00:00 EST 1997";"19972";"H2-1997";"19974";"Q4-1997";"Wed Oct 01 00:00:00 EDT 1997";"Wed Dec 31 00:00:00 EST 1997";"199711";"Nov-97";"19971101";"19971130";"30";"19971117";"11/17/1997";"Mon";"2";"321";"199747";"1997-wk47 (11/16-11/22)";"47";"19971116";"19971122";"1998";"Tue Jul 01 00:00:00 EDT 1997";"Tue Jun 30 00:00:00 EDT 1998";"H1-1998";"Q2-1998";"Nov-97";"5";"1998-wk21 (11/16-11/22)";"199821";"140";"1998";"Q1-1998";"Nov-97";"3";"199712";"Dec-97";"1997";"19971116";"19971122";"1997-98"
"19971118";"Tue Nov 18 00:00:00 EST 1997";"35752";"1997";"1997";"Wed Jan 01 00:00:00 EST 1997";"Wed Dec 31 00:00:00 EST 1997";"19972";"H2-1997";"19974";"Q4-1997";"Wed Oct 01 00:00:00 EDT 1997";"Wed Dec 31 00:00:00 EST 1997";"199711";"Nov-97";"19971101";"19971130";"30";"19971118";"11/18/1997";"Tue";"3";"322";"199747";"1997-wk47 (11/16-11/22)";"47";"19971116";"19971122";"1998";"Tue Jul 01 00:00:00 EDT 1997";"Tue Jun 30 00:00:00 EDT 1998";"H1-1998";"Q2-1998";"Nov-97";"5";"1998-wk21 (11/16-11/22)";"199821";"141";"1998";"Q1-1998";"Nov-97";"3";"199712";"Dec-97";"1997";"19971116";"19971122";"1997-98"
"19971119";"Wed Nov 19 00:00:00 EST 1997";"35753";"1997";"1997";"Wed Jan 01 00:00:00 EST 1997";"Wed Dec 31 00:00:00 EST 1997";"19972";"H2-1997";"19974";"Q4-1997";"Wed Oct 01 00:00:00 EDT 1997";"Wed Dec 31 00:00:00 EST 1997";"199711";"Nov-97";"19971101";"19971130";"30";"19971119";"11/19/1997";"Wed";"4";"323";"199747";"1997-wk47 (11/16-11/22)";"47";"19971116";"19971122";"1998";"Tue Jul 01 00:00:00 EDT 1997";"Tue Jun 30 00:00:00 EDT 1998";"H1-1998";"Q2-1998";"Nov-97";"5";"1998-wk21 (11/16-11/22)";"199821";"142";"1998";"Q1-1998";"Nov-97";"3";"199712";"Dec-97";"1997";"19971116";"19971122";"1997-98"
"19971120";"Thu Nov 20 00:00:00 EST 1997";"35754";"1997";"1997";"Wed Jan 01 00:00:00 EST 1997";"Wed Dec 31 00:00:00 EST 1997";"19972";"H2-1997";"19974";"Q4-1997";"Wed Oct 01 00:00:00 EDT 1997";"Wed Dec 31 00:00:00 EST 1997";"199711";"Nov-97";"19971101";"19971130";"30";"19971120";"11/20/1997";"Thu";"5";"324";"199747";"1997-wk47 (11/16-11/22)";"47";"19971116";"19971122";"1998";"Tue Jul 01 00:00:00 EDT 1997";"Tue Jun 30 00:00:00 EDT 1998";"H1-1998";"Q2-1998";"Nov-97";"5";"1998-wk21 (11/16-11/22)";"199821";"143";"1998";"Q1-1998";"Nov-97";"3";"199712";"Dec-97";"1997";"19971116";"19971122";"1997-98"
"19971121";"Fri Nov 21 00:00:00 EST 1997";"35755";"1997";"1997";"Wed Jan 01 00:00:00 EST 1997";"Wed Dec 31 00:00:00 EST 1997";"19972";"H2-1997";"19974";"Q4-1997";"Wed Oct 01 00:00:00 EDT 1997";"Wed Dec 31 00:00:00 EST 1997";"199711";"Nov-97";"19971101";"19971130";"30";"19971121";"11/21/1997";"Fri";"6";"325";"199747";"1997-wk47 (11/16-11/22)";"47";"19971116";"19971122";"1998";"Tue Jul 01 00:00:00 EDT 1997";"Tue Jun 30 00:00:00 EDT 1998";"H1-1998";"Q2-1998";"Nov-97";"5";"1998-wk21 (11/16-11/22)";"199821";"144";"1998";"Q1-1998";"Nov-97";"3";"199712";"Dec-97";"1997";"19971116";"19971122";"1997-98"
"19971122";"Sat Nov 22 00:00:00 EST 1997";"35756";"1997";"1997";"Wed Jan 01 00:00:00 EST 1997";"Wed Dec 31 00:00:00 EST 1997";"19972";"H2-1997";"19974";"Q4-1997";"Wed Oct 01 00:00:00 EDT 1997";"Wed Dec 31 00:00:00 EST 1997";"199711";"Nov-97";"19971101";"19971130";"30";"19971122";"11/22/1997";"Sat";"7";"326";"199747";"1997-wk47 (11/16-11/22)";"47";"19971116";"19971122";"1998";"Tue Jul 01 00:00:00 EDT 1997";"Tue Jun 30 00:00:00 EDT 1998";"H1-1998";"Q2-1998";"Nov-97";"5";"1998-wk21 (11/16-11/22)";"199821";"145";"1998";"Q1-1998";"Nov-97";"3";"199712";"Dec-97";"1997";"19971116";"19971122";"1997-98"
"19971123";"Sun Nov 23 00:00:00 EST 1997";"35757";"1997";"1997";"Wed Jan 01 00:00:00 EST 1997";"Wed Dec 31 00:00:00 EST 1997";"19972";"H2-1997";"19974";"Q4-1997";"Wed Oct 01 00:00:00 EDT 1997";"Wed Dec 31 00:00:00 EST 1997";"199711";"Nov-97";"19971101";"19971130";"30";"19971123";"11/23/1997";"Sun";"1";"327";"199748";"1997-wk48 (11/23-11/29)";"48";"19971123";"19971129";"1998";"Tue Jul 01 00:00:00 EDT 1997";"Tue Jun 30 00:00:00 EDT 1998";"H1-1998";"Q2-1998";"Nov-97";"5";"1998-wk22 (11/23-11/29)";"199822";"146";"1998";"Q1-1998";"Nov-97";"3";"199712";"Dec-97";"1997";"19971123";"19971129";"1997-98"
"19971124";"Mon Nov 24 00:00:00 EST 1997";"35758";"1997";"1997";"Wed Jan 01 00:00:00 EST 1997";"Wed Dec 31 00:00:00 EST 1997";"19972";"H2-1997";"19974";"Q4-1997";"Wed Oct 01 00:00:00 EDT 1997";"Wed Dec 31 00:00:00 EST 1997";"199711";"Nov-97";"19971101";"19971130";"30";"19971124";"11/24/1997";"Mon";"2";"328";"199748";"1997-wk48 (11/23-11/29)";"48";"19971123";"19971129";"1998";"Tue Jul 01 00:00:00 EDT 1997";"Tue Jun 30 00:00:00 EDT 1998";"H1-1998";"Q2-1998";"Nov-97";"5";"1998-wk22 (11/23-11/29)";"199822";"147";"1998";"Q1-1998";"Nov-97";"3";"199712";"Dec-97";"1997";"19971123";"19971129";"1997-98"
"19971125";"Tue Nov 25 00:00:00 EST 1997";"35759";"1997";"1997";"Wed Jan 01 00:00:00 EST 1997";"Wed Dec 31 00:00:00 EST 1997";"19972";"H2-1997";"19974";"Q4-1997";"Wed Oct 01 00:00:00 EDT 1997";"Wed Dec 31 00:00:00 EST 1997";"199711";"Nov-97";"19971101";"19971130";"30";"19971125";"11/25/1997";"Tue";"3";"329";"199748";"1997-wk48 (11/23-11/29)";"48";"19971123";"19971129";"1998";"Tue Jul 01 00:00:00 EDT 1997";"Tue Jun 30 00:00:00 EDT 1998";"H1-1998";"Q2-1998";"Nov-97";"5";"1998-wk22 (11/23-11/29)";"199822";"148";"1998";"Q1-1998";"Nov-97";"3";"199712";"Dec-97";"1997";"19971123";"19971129";"1997-98"
"19971126";"Wed Nov 26 00:00:00 EST 1997";"35760";"1997";"1997";"Wed Jan 01 00:00:00 EST 1997";"Wed Dec 31 00:00:00 EST 1997";"19972";"H2-1997";"19974";"Q4-1997";"Wed Oct 01 00:00:00 EDT 1997";"Wed Dec 31 00:00:00 EST 1997";"199711";"Nov-97";"19971101";"19971130";"30";"19971126";"11/26/1997";"Wed";"4";"330";"199748";"1997-wk48 (11/23-11/29)";"48";"19971123";"19971129";"1998";"Tue Jul 01 00:00:00 EDT 1997";"Tue Jun 30 00:00:00 EDT 1998";"H1-1998";"Q2-1998";"Nov-97";"5";"1998-wk22 (11/23-11/29)";"199822";"149";"1998";"Q1-1998";"Nov-97";"3";"199712";"Dec-97";"1997";"19971123";"19971129";"1997-98"
"19971127";"Thu Nov 27 00:00:00 EST 1997";"35761";"1997";"1997";"Wed Jan 01 00:00:00 EST 1997";"Wed Dec 31 00:00:00 EST 1997";"19972";"H2-1997";"19974";"Q4-1997";"Wed Oct 01 00:00:00 EDT 1997";"Wed Dec 31 00:00:00 EST 1997";"199711";"Nov-97";"19971101";"19971130";"30";"19971127";"11/27/1997";"Thu";"5";"331";"199748";"1997-wk48 (11/23-11/29)";"48";"19971123";"19971129";"1998";"Tue Jul 01 00:00:00 EDT 1997";"Tue Jun 30 00:00:00 EDT 1998";"H1-1998";"Q2-1998";"Nov-97";"5";"1998-wk22 (11/23-11/29)";"199822";"150";"1998";"Q1-1998";"Nov-97";"3";"199712";"Dec-97";"1997";"19971123";"19971129";"1997-98"
"19971128";"Fri Nov 28 00:00:00 EST 1997";"35762";"1997";"1997";"Wed Jan 01 00:00:00 EST 1997";"Wed Dec 31 00:00:00 EST 1997";"19972";"H2-1997";"19974";"Q4-1997";"Wed Oct 01 00:00:00 EDT 1997";"Wed Dec 31 00:00:00 EST 1997";"199711";"Nov-97";"19971101";"19971130";"30";"19971128";"11/28/1997";"Fri";"6";"332";"199748";"1997-wk48 (11/23-11/29)";"48";"19971123";"19971129";"1998";"Tue Jul 01 00:00:00 EDT 1997";"Tue Jun 30 00:00:00 EDT 1998";"H1-1998";"Q2-1998";"Nov-97";"5";"1998-wk22 (11/23-11/29)";"199822";"151";"1998";"Q1-1998";"Nov-97";"3";"199712";"Dec-97";"1997";"19971123";"19971129";"1997-98"
"19971129";"Sat Nov 29 00:00:00 EST 1997";"35763";"1997";"1997";"Wed Jan 01 00:00:00 EST 1997";"Wed Dec 31 00:00:00 EST 1997";"19972";"H2-1997";"19974";"Q4-1997";"Wed Oct 01 00:00:00 EDT 1997";"Wed Dec 31 00:00:00 EST 1997";"199711";"Nov-97";"19971101";"19971130";"30";"19971129";"11/29/1997";"Sat";"7";"333";"199748";"1997-wk48 (11/23-11/29)";"48";"19971123";"19971129";"1998";"Tue Jul 01 00:00:00 EDT 1997";"Tue Jun 30 00:00:00 EDT 1998";"H1-1998";"Q2-1998";"Nov-97";"5";"1998-wk22 (11/23-11/29)";"199822";"152";"1998";"Q1-1998";"Nov-97";"3";"199712";"Dec-97";"1997";"19971123";"19971129";"1997-98"
"19971130";"Sun Nov 30 00:00:00 EST 1997";"35764";"1997";"1997";"Wed Jan 01 00:00:00 EST 1997";"Wed Dec 31 00:00:00 EST 1997";"19972";"H2-1997";"19974";"Q4-1997";"Wed Oct 01 00:00:00 EDT 1997";"Wed Dec 31 00:00:00 EST 1997";"199711";"Nov-97";"19971101";"19971130";"30";"19971130";"11/30/1997";"Sun";"1";"334";"199749";"1997-wk49 (11/30-12/6)";"49";"19971130";"19971206";"1998";"Tue Jul 01 00:00:00 EDT 1997";"Tue Jun 30 00:00:00 EDT 1998";"H1-1998";"Q2-1998";"Nov-97";"5";"1998-wk23 (11/30-12/6)";"199823";"153";"1998";"Q1-1998";"Nov-97";"3";"199712";"Dec-97";"1997";"19971130";"19971206";"1997-98"
"19971201";"Mon Dec 01 00:00:00 EST 1997";"35765";"1997";"1997";"Wed Jan 01 00:00:00 EST 1997";"Wed Dec 31 00:00:00 EST 1997";"19972";"H2-1997";"19974";"Q4-1997";"Wed Oct 01 00:00:00 EDT 1997";"Wed Dec 31 00:00:00 EST 1997";"199712";"Dec-97";"19971201";"19971231";"31";"19971201";"12/1/1997";"Mon";"2";"335";"199749";"1997-wk49 (11/30-12/6)";"49";"19971130";"19971206";"1998";"Tue Jul 01 00:00:00 EDT 1997";"Tue Jun 30 00:00:00 EDT 1998";"H1-1998";"Q2-1998";"Dec-97";"6";"1998-wk23 (11/30-12/6)";"199823";"154";"1998";"Q2-1998";"Dec-97";"4";"199712";"Dec-97";"1997";"19971130";"19971206";"1997-98"
"19971202";"Tue Dec 02 00:00:00 EST 1997";"35766";"1997";"1997";"Wed Jan 01 00:00:00 EST 1997";"Wed Dec 31 00:00:00 EST 1997";"19972";"H2-1997";"19974";"Q4-1997";"Wed Oct 01 00:00:00 EDT 1997";"Wed Dec 31 00:00:00 EST 1997";"199712";"Dec-97";"19971201";"19971231";"31";"19971202";"12/2/1997";"Tue";"3";"336";"199749";"1997-wk49 (11/30-12/6)";"49";"19971130";"19971206";"1998";"Tue Jul 01 00:00:00 EDT 1997";"Tue Jun 30 00:00:00 EDT 1998";"H1-1998";"Q2-1998";"Dec-97";"6";"1998-wk23 (11/30-12/6)";"199823";"155";"1998";"Q2-1998";"Dec-97";"4";"199712";"Dec-97";"1997";"19971130";"19971206";"1997-98"
"19971203";"Wed Dec 03 00:00:00 EST 1997";"35767";"1997";"1997";"Wed Jan 01 00:00:00 EST 1997";"Wed Dec 31 00:00:00 EST 1997";"19972";"H2-1997";"19974";"Q4-1997";"Wed Oct 01 00:00:00 EDT 1997";"Wed Dec 31 00:00:00 EST 1997";"199712";"Dec-97";"19971201";"19971231";"31";"19971203";"12/3/1997";"Wed";"4";"337";"199749";"1997-wk49 (11/30-12/6)";"49";"19971130";"19971206";"1998";"Tue Jul 01 00:00:00 EDT 1997";"Tue Jun 30 00:00:00 EDT 1998";"H1-1998";"Q2-1998";"Dec-97";"6";"1998-wk23 (11/30-12/6)";"199823";"156";"1998";"Q2-1998";"Dec-97";"4";"199712";"Dec-97";"1997";"19971130";"19971206";"1997-98"
"19971204";"Thu Dec 04 00:00:00 EST 1997";"35768";"1997";"1997";"Wed Jan 01 00:00:00 EST 1997";"Wed Dec 31 00:00:00 EST 1997";"19972";"H2-1997";"19974";"Q4-1997";"Wed Oct 01 00:00:00 EDT 1997";"Wed Dec 31 00:00:00 EST 1997";"199712";"Dec-97";"19971201";"19971231";"31";"19971204";"12/4/1997";"Thu";"5";"338";"199749";"1997-wk49 (11/30-12/6)";"49";"19971130";"19971206";"1998";"Tue Jul 01 00:00:00 EDT 1997";"Tue Jun 30 00:00:00 EDT 1998";"H1-1998";"Q2-1998";"Dec-97";"6";"1998-wk23 (11/30-12/6)";"199823";"157";"1998";"Q2-1998";"Dec-97";"4";"199712";"Dec-97";"1997";"19971130";"19971206";"1997-98"
"19971205";"Fri Dec 05 00:00:00 EST 1997";"35769";"1997";"1997";"Wed Jan 01 00:00:00 EST 1997";"Wed Dec 31 00:00:00 EST 1997";"19972";"H2-1997";"19974";"Q4-1997";"Wed Oct 01 00:00:00 EDT 1997";"Wed Dec 31 00:00:00 EST 1997";"199712";"Dec-97";"19971201";"19971231";"31";"19971205";"12/5/1997";"Fri";"6";"339";"199749";"1997-wk49 (11/30-12/6)";"49";"19971130";"19971206";"1998";"Tue Jul 01 00:00:00 EDT 1997";"Tue Jun 30 00:00:00 EDT 1998";"H1-1998";"Q2-1998";"Dec-97";"6";"1998-wk23 (11/30-12/6)";"199823";"158";"1998";"Q2-1998";"Dec-97";"4";"199712";"Dec-97";"1997";"19971130";"19971206";"1997-98"
"19971206";"Sat Dec 06 00:00:00 EST 1997";"35770";"1997";"1997";"Wed Jan 01 00:00:00 EST 1997";"Wed Dec 31 00:00:00 EST 1997";"19972";"H2-1997";"19974";"Q4-1997";"Wed Oct 01 00:00:00 EDT 1997";"Wed Dec 31 00:00:00 EST 1997";"199712";"Dec-97";"19971201";"19971231";"31";"19971206";"12/6/1997";"Sat";"7";"340";"199749";"1997-wk49 (11/30-12/6)";"49";"19971130";"19971206";"1998";"Tue Jul 01 00:00:00 EDT 1997";"Tue Jun 30 00:00:00 EDT 1998";"H1-1998";"Q2-1998";"Dec-97";"6";"1998-wk23 (11/30-12/6)";"199823";"159";"1998";"Q2-1998";"Dec-97";"4";"199712";"Dec-97";"1997";"19971130";"19971206";"1997-98"
"19971207";"Sun Dec 07 00:00:00 EST 1997";"35771";"1997";"1997";"Wed Jan 01 00:00:00 EST 1997";"Wed Dec 31 00:00:00 EST 1997";"19972";"H2-1997";"19974";"Q4-1997";"Wed Oct 01 00:00:00 EDT 1997";"Wed Dec 31 00:00:00 EST 1997";"199712";"Dec-97";"19971201";"19971231";"31";"19971207";"12/7/1997";"Sun";"1";"341";"199750";"1997-wk50 (12/7-12/13)";"50";"19971207";"19971213";"1998";"Tue Jul 01 00:00:00 EDT 1997";"Tue Jun 30 00:00:00 EDT 1998";"H1-1998";"Q2-1998";"Dec-97";"6";"1998-wk24 (12/7-12/13)";"199824";"160";"1998";"Q2-1998";"Dec-97";"4";"199712";"Dec-97";"1997";"19971207";"19971213";"1997-98"
"19971208";"Mon Dec 08 00:00:00 EST 1997";"35772";"1997";"1997";"Wed Jan 01 00:00:00 EST 1997";"Wed Dec 31 00:00:00 EST 1997";"19972";"H2-1997";"19974";"Q4-1997";"Wed Oct 01 00:00:00 EDT 1997";"Wed Dec 31 00:00:00 EST 1997";"199712";"Dec-97";"19971201";"19971231";"31";"19971208";"12/8/1997";"Mon";"2";"342";"199750";"1997-wk50 (12/7-12/13)";"50";"19971207";"19971213";"1998";"Tue Jul 01 00:00:00 EDT 1997";"Tue Jun 30 00:00:00 EDT 1998";"H1-1998";"Q2-1998";"Dec-97";"6";"1998-wk24 (12/7-12/13)";"199824";"161";"1998";"Q2-1998";"Dec-97";"4";"199712";"Dec-97";"1997";"19971207";"19971213";"1997-98"
"19971209";"Tue Dec 09 00:00:00 EST 1997";"35773";"1997";"1997";"Wed Jan 01 00:00:00 EST 1997";"Wed Dec 31 00:00:00 EST 1997";"19972";"H2-1997";"19974";"Q4-1997";"Wed Oct 01 00:00:00 EDT 1997";"Wed Dec 31 00:00:00 EST 1997";"199712";"Dec-97";"19971201";"19971231";"31";"19971209";"12/9/1997";"Tue";"3";"343";"199750";"1997-wk50 (12/7-12/13)";"50";"19971207";"19971213";"1998";"Tue Jul 01 00:00:00 EDT 1997";"Tue Jun 30 00:00:00 EDT 1998";"H1-1998";"Q2-1998";"Dec-97";"6";"1998-wk24 (12/7-12/13)";"199824";"162";"1998";"Q2-1998";"Dec-97";"4";"199712";"Dec-97";"1997";"19971207";"19971213";"1997-98"
"19971210";"Wed Dec 10 00:00:00 EST 1997";"35774";"1997";"1997";"Wed Jan 01 00:00:00 EST 1997";"Wed Dec 31 00:00:00 EST 1997";"19972";"H2-1997";"19974";"Q4-1997";"Wed Oct 01 00:00:00 EDT 1997";"Wed Dec 31 00:00:00 EST 1997";"199712";"Dec-97";"19971201";"19971231";"31";"19971210";"12/10/1997";"Wed";"4";"344";"199750";"1997-wk50 (12/7-12/13)";"50";"19971207";"19971213";"1998";"Tue Jul 01 00:00:00 EDT 1997";"Tue Jun 30 00:00:00 EDT 1998";"H1-1998";"Q2-1998";"Dec-97";"6";"1998-wk24 (12/7-12/13)";"199824";"163";"1998";"Q2-1998";"Dec-97";"4";"199712";"Dec-97";"1997";"19971207";"19971213";"1997-98"
"19971211";"Thu Dec 11 00:00:00 EST 1997";"35775";"1997";"1997";"Wed Jan 01 00:00:00 EST 1997";"Wed Dec 31 00:00:00 EST 1997";"19972";"H2-1997";"19974";"Q4-1997";"Wed Oct 01 00:00:00 EDT 1997";"Wed Dec 31 00:00:00 EST 1997";"199712";"Dec-97";"19971201";"19971231";"31";"19971211";"12/11/1997";"Thu";"5";"345";"199750";"1997-wk50 (12/7-12/13)";"50";"19971207";"19971213";"1998";"Tue Jul 01 00:00:00 EDT 1997";"Tue Jun 30 00:00:00 EDT 1998";"H1-1998";"Q2-1998";"Dec-97";"6";"1998-wk24 (12/7-12/13)";"199824";"164";"1998";"Q2-1998";"Dec-97";"4";"199712";"Dec-97";"1997";"19971207";"19971213";"1997-98"
